VALIDATION,gs://license_plate_1/Cars0.png,,,,,,,,,
VALIDATION,gs://license_plate_1/Cars1.png,,,,,,,,,
VALIDATION,gs://license_plate_1/Cars2.png,,,,,,,,,
VALIDATION,gs://license_plate_1/Cars3.png,,,,,,,,,
VALIDATION,gs://license_plate_1/Cars4.png,,,,,,,,,
VALIDATION,gs://license_plate_1/Cars5.png,,,,,,,,,
VALIDATION,gs://license_plate_1/Cars6.png,,,,,,,,,
VALIDATION,gs://license_plate_1/Cars7.png,,,,,,,,,
VALIDATION,gs://license_plate_1/Cars8.png,,,,,,,,,
VALIDATION,gs://license_plate_1/Cars9.png,,,,,,,,,
VALIDATION,gs://license_plate_1/Cars10.png,,,,,,,,,
VALIDATION,gs://license_plate_1/Cars11.png,,,,,,,,,
VALIDATION,gs://license_plate_1/Cars12.png,,,,,,,,,
VALIDATION,gs://license_plate_1/Cars13.png,,,,,,,,,
VALIDATION,gs://license_plate_1/Cars14.png,,,,,,,,,
VALIDATION,gs://license_plate_1/Cars15.png,,,,,,,,,
VALIDATION,gs://license_plate_1/Cars16.png,,,,,,,,,
VALIDATION,gs://license_plate_1/Cars17.png,,,,,,,,,
VALIDATION,gs://license_plate_1/Cars18.png,,,,,,,,,
VALIDATION,gs://license_plate_1/Cars19.png,,,,,,,,,
VALIDATION,gs://license_plate_1/Cars20.png,,,,,,,,,
VALIDATION,gs://license_plate_1/Cars21.png,,,,,,,,,
VALIDATION,gs://license_plate_1/Cars22.png,,,,,,,,,
VALIDATION,gs://license_plate_1/Cars23.png,,,,,,,,,
VALIDATION,gs://license_plate_1/Cars24.png,,,,,,,,,
VALIDATION,gs://license_plate_1/Cars25.png,,,,,,,,,
VALIDATION,gs://license_plate_1/Cars26.png,,,,,,,,,
VALIDATION,gs://license_plate_1/Cars27.png,,,,,,,,,
VALIDATION,gs://license_plate_1/Cars28.png,,,,,,,,,
VALIDATION,gs://license_plate_1/Cars29.png,,,,,,,,,
VALIDATION,gs://license_plate_1/Cars30.png,,,,,,,,,
VALIDATION,gs://license_plate_1/Cars31.png,,,,,,,,,
VALIDATION,gs://license_plate_1/Cars32.png,,,,,,,,,
VALIDATION,gs://license_plate_1/Cars33.png,,,,,,,,,
VALIDATION,gs://license_plate_1/Cars34.png,,,,,,,,,
VALIDATION,gs://license_plate_1/Cars35.png,,,,,,,,,
VALIDATION,gs://license_plate_1/Cars36.png,,,,,,,,,
VALIDATION,gs://license_plate_1/Cars37.png,,,,,,,,,
VALIDATION,gs://license_plate_1/Cars38.png,,,,,,,,,
VALIDATION,gs://license_plate_1/Cars39.png,,,,,,,,,
VALIDATION,gs://license_plate_1/Cars40.png,,,,,,,,,
VALIDATION,gs://license_plate_1/Cars41.png,,,,,,,,,
VALIDATION,gs://license_plate_1/Cars42.png,,,,,,,,,
VALIDATION,gs://license_plate_1/Cars43.png,,,,,,,,,
VALIDATION,gs://license_plate_1/Cars44.png,,,,,,,,,
VALIDATION,gs://license_plate_1/Cars45.png,,,,,,,,,
VALIDATION,gs://license_plate_1/Cars46.png,,,,,,,,,
VALIDATION,gs://license_plate_1/Cars47.png,,,,,,,,,
VALIDATION,gs://license_plate_1/Cars48.png,,,,,,,,,
VALIDATION,gs://license_plate_1/Cars49.png,,,,,,,,,
VALIDATION,gs://license_plate_1/Cars50.png,,,,,,,,,
VALIDATION,gs://license_plate_1/Cars51.png,,,,,,,,,
VALIDATION,gs://license_plate_1/Cars52.png,,,,,,,,,
VALIDATION,gs://license_plate_1/Cars53.png,,,,,,,,,
VALIDATION,gs://license_plate_1/Cars54.png,,,,,,,,,
VALIDATION,gs://license_plate_1/Cars55.png,,,,,,,,,
VALIDATION,gs://license_plate_1/Cars56.png,,,,,,,,,
VALIDATION,gs://license_plate_1/Cars57.png,,,,,,,,,
VALIDATION,gs://license_plate_1/Cars58.png,,,,,,,,,
VALIDATION,gs://license_plate_1/Cars59.png,,,,,,,,,
VALIDATION,gs://license_plate_1/Cars60.png,,,,,,,,,
VALIDATION,gs://license_plate_1/Cars61.png,,,,,,,,,
VALIDATION,gs://license_plate_1/Cars62.png,,,,,,,,,
VALIDATION,gs://license_plate_1/Cars63.png,,,,,,,,,
VALIDATION,gs://license_plate_1/Cars64.png,,,,,,,,,
VALIDATION,gs://license_plate_1/Cars65.png,,,,,,,,,
VALIDATION,gs://license_plate_1/Cars66.png,,,,,,,,,
VALIDATION,gs://license_plate_1/Cars67.png,,,,,,,,,
VALIDATION,gs://license_plate_1/Cars68.png,,,,,,,,,
VALIDATION,gs://license_plate_1/Cars69.png,,,,,,,,,
TEST,gs://license_plate_1/Cars70.png,,,,,,,,,
TEST,gs://license_plate_1/Cars71.png,,,,,,,,,
TEST,gs://license_plate_1/Cars72.png,,,,,,,,,
TEST,gs://license_plate_1/Cars73.png,,,,,,,,,
TEST,gs://license_plate_1/Cars74.png,,,,,,,,,
TEST,gs://license_plate_1/Cars75.png,,,,,,,,,
TEST,gs://license_plate_1/Cars76.png,,,,,,,,,
TEST,gs://license_plate_1/Cars77.png,,,,,,,,,
TEST,gs://license_plate_1/Cars78.png,,,,,,,,,
TEST,gs://license_plate_1/Cars79.png,,,,,,,,,
TEST,gs://license_plate_1/Cars80.png,,,,,,,,,
TEST,gs://license_plate_1/Cars81.png,,,,,,,,,
TEST,gs://license_plate_1/Cars82.png,,,,,,,,,
TEST,gs://license_plate_1/Cars83.png,,,,,,,,,
TEST,gs://license_plate_1/Cars84.png,,,,,,,,,
TEST,gs://license_plate_1/Cars85.png,,,,,,,,,
TEST,gs://license_plate_1/Cars86.png,,,,,,,,,
TEST,gs://license_plate_1/Cars87.png,,,,,,,,,
TEST,gs://license_plate_1/Cars88.png,,,,,,,,,
TEST,gs://license_plate_1/Cars89.png,,,,,,,,,
TEST,gs://license_plate_1/Cars90.png,,,,,,,,,
TEST,gs://license_plate_1/Cars91.png,,,,,,,,,
TEST,gs://license_plate_1/Cars92.png,,,,,,,,,
TEST,gs://license_plate_1/Cars93.png,,,,,,,,,
TEST,gs://license_plate_1/Cars94.png,,,,,,,,,
TEST,gs://license_plate_1/Cars95.png,,,,,,,,,
TEST,gs://license_plate_1/Cars96.png,,,,,,,,,
TEST,gs://license_plate_1/Cars97.png,,,,,,,,,
TEST,gs://license_plate_1/Cars98.png,,,,,,,,,
TEST,gs://license_plate_1/Cars99.png,,,,,,,,,
TEST,gs://license_plate_1/Cars100.png,,,,,,,,,
TEST,gs://license_plate_1/Cars101.png,,,,,,,,,
TEST,gs://license_plate_1/Cars102.png,,,,,,,,,
TEST,gs://license_plate_1/Cars103.png,,,,,,,,,
TEST,gs://license_plate_1/Cars104.png,,,,,,,,,
TEST,gs://license_plate_1/Cars105.png,,,,,,,,,
TEST,gs://license_plate_1/Cars106.png,,,,,,,,,
TEST,gs://license_plate_1/Cars107.png,,,,,,,,,
TEST,gs://license_plate_1/Cars108.png,,,,,,,,,
TEST,gs://license_plate_1/Cars109.png,,,,,,,,,
TEST,gs://license_plate_1/Cars110.png,,,,,,,,,
TEST,gs://license_plate_1/Cars111.png,,,,,,,,,
TEST,gs://license_plate_1/Cars112.png,,,,,,,,,
TEST,gs://license_plate_1/Cars113.png,,,,,,,,,
TEST,gs://license_plate_1/Cars114.png,,,,,,,,,
TEST,gs://license_plate_1/Cars115.png,,,,,,,,,
UNASSIGNED,gs://license_plate_1/Cars116.png,,,,,,,,,
UNASSIGNED,gs://license_plate_1/Cars117.png,,,,,,,,,
UNASSIGNED,gs://license_plate_1/Cars118.png,,,,,,,,,
UNASSIGNED,gs://license_plate_1/Cars119.png,,,,,,,,,
UNASSIGNED,gs://license_plate_1/Cars120.png,,,,,,,,,
UNASSIGNED,gs://license_plate_1/Cars121.png,,,,,,,,,
UNASSIGNED,gs://license_plate_1/Cars122.png,,,,,,,,,
UNASSIGNED,gs://license_plate_1/Cars123.png,,,,,,,,,
UNASSIGNED,gs://license_plate_1/Cars124.png,,,,,,,,,
UNASSIGNED,gs://license_plate_1/Cars125.png,,,,,,,,,
UNASSIGNED,gs://license_plate_1/Cars126.png,,,,,,,,,
UNASSIGNED,gs://license_plate_1/Cars127.png,,,,,,,,,
UNASSIGNED,gs://license_plate_1/Cars128.png,,,,,,,,,
UNASSIGNED,gs://license_plate_1/Cars129.png,,,,,,,,,
UNASSIGNED,gs://license_plate_1/Cars130.png,,,,,,,,,
UNASSIGNED,gs://license_plate_1/Cars131.png,,,,,,,,,
UNASSIGNED,gs://license_plate_1/Cars132.png,,,,,,,,,
UNASSIGNED,gs://license_plate_1/Cars133.png,,,,,,,,,
UNASSIGNED,gs://license_plate_1/Cars134.png,,,,,,,,,
UNASSIGNED,gs://license_plate_1/Cars135.png,,,,,,,,,
UNASSIGNED,gs://license_plate_1/Cars136.png,,,,,,,,,
UNASSIGNED,gs://license_plate_1/Cars137.png,,,,,,,,,
UNASSIGNED,gs://license_plate_1/Cars138.png,,,,,,,,,
UNASSIGNED,gs://license_plate_1/Cars139.png,,,,,,,,,
UNASSIGNED,gs://license_plate_1/Cars140.png,,,,,,,,,
UNASSIGNED,gs://license_plate_1/Cars141.png,,,,,,,,,
UNASSIGNED,gs://license_plate_1/Cars142.png,,,,,,,,,
UNASSIGNED,gs://license_plate_1/Cars143.png,,,,,,,,,
UNASSIGNED,gs://license_plate_1/Cars144.png,,,,,,,,,
UNASSIGNED,gs://license_plate_1/Cars145.png,,,,,,,,,
UNASSIGNED,gs://license_plate_1/Cars146.png,,,,,,,,,
UNASSIGNED,gs://license_plate_1/Cars147.png,,,,,,,,,
UNASSIGNED,gs://license_plate_1/Cars148.png,,,,,,,,,
UNASSIGNED,gs://license_plate_1/Cars149.png,,,,,,,,,
UNASSIGNED,gs://license_plate_1/Cars150.png,,,,,,,,,
UNASSIGNED,gs://license_plate_1/Cars151.png,,,,,,,,,
UNASSIGNED,gs://license_plate_1/Cars152.png,,,,,,,,,
UNASSIGNED,gs://license_plate_1/Cars153.png,,,,,,,,,
UNASSIGNED,gs://license_plate_1/Cars154.png,,,,,,,,,
UNASSIGNED,gs://license_plate_1/Cars155.png,,,,,,,,,
UNASSIGNED,gs://license_plate_1/Cars156.png,,,,,,,,,
UNASSIGNED,gs://license_plate_1/Cars157.png,,,,,,,,,
UNASSIGNED,gs://license_plate_1/Cars158.png,,,,,,,,,
UNASSIGNED,gs://license_plate_1/Cars159.png,,,,,,,,,
UNASSIGNED,gs://license_plate_1/Cars160.png,,,,,,,,,
UNASSIGNED,gs://license_plate_1/Cars161.png,,,,,,,,,
UNASSIGNED,gs://license_plate_1/Cars162.png,,,,,,,,,
UNASSIGNED,gs://license_plate_1/Cars163.png,,,,,,,,,
UNASSIGNED,gs://license_plate_1/Cars164.png,,,,,,,,,
UNASSIGNED,gs://license_plate_1/Cars165.png,,,,,,,,,
UNASSIGNED,gs://license_plate_1/Cars166.png,,,,,,,,,
UNASSIGNED,gs://license_plate_1/Cars167.png,,,,,,,,,
UNASSIGNED,gs://license_plate_1/Cars168.png,,,,,,,,,
UNASSIGNED,gs://license_plate_1/Cars169.png,,,,,,,,,
UNASSIGNED,gs://license_plate_1/Cars170.png,,,,,,,,,
UNASSIGNED,gs://license_plate_1/Cars171.png,,,,,,,,,
UNASSIGNED,gs://license_plate_1/Cars172.png,,,,,,,,,
UNASSIGNED,gs://license_plate_1/Cars173.png,,,,,,,,,
UNASSIGNED,gs://license_plate_1/Cars174.png,,,,,,,,,
UNASSIGNED,gs://license_plate_1/Cars175.png,,,,,,,,,
UNASSIGNED,gs://license_plate_1/Cars176.png,,,,,,,,,
UNASSIGNED,gs://license_plate_1/Cars177.png,,,,,,,,,
UNASSIGNED,gs://license_plate_1/Cars178.png,,,,,,,,,
UNASSIGNED,gs://license_plate_1/Cars179.png,,,,,,,,,
UNASSIGNED,gs://license_plate_1/Cars180.png,,,,,,,,,
UNASSIGNED,gs://license_plate_1/Cars181.png,,,,,,,,,
UNASSIGNED,gs://license_plate_1/Cars182.png,,,,,,,,,
UNASSIGNED,gs://license_plate_1/Cars183.png,,,,,,,,,
UNASSIGNED,gs://license_plate_1/Cars184.png,,,,,,,,,
UNASSIGNED,gs://license_plate_1/Cars185.png,,,,,,,,,
UNASSIGNED,gs://license_plate_1/Cars186.png,,,,,,,,,
UNASSIGNED,gs://license_plate_1/Cars187.png,,,,,,,,,
UNASSIGNED,gs://license_plate_1/Cars188.png,,,,,,,,,
UNASSIGNED,gs://license_plate_1/Cars189.png,,,,,,,,,
UNASSIGNED,gs://license_plate_1/Cars190.png,,,,,,,,,
UNASSIGNED,gs://license_plate_1/Cars191.png,,,,,,,,,
UNASSIGNED,gs://license_plate_1/Cars192.png,,,,,,,,,
UNASSIGNED,gs://license_plate_1/Cars193.png,,,,,,,,,
UNASSIGNED,gs://license_plate_1/Cars194.png,,,,,,,,,
UNASSIGNED,gs://license_plate_1/Cars195.png,,,,,,,,,
UNASSIGNED,gs://license_plate_1/Cars196.png,,,,,,,,,
UNASSIGNED,gs://license_plate_1/Cars197.png,,,,,,,,,
UNASSIGNED,gs://license_plate_1/Cars198.png,,,,,,,,,
UNASSIGNED,gs://license_plate_1/Cars199.png,,,,,,,,,
UNASSIGNED,gs://license_plate_1/Cars200.png,,,,,,,,,
UNASSIGNED,gs://license_plate_1/Cars201.png,,,,,,,,,
UNASSIGNED,gs://license_plate_1/Cars202.png,,,,,,,,,
UNASSIGNED,gs://license_plate_1/Cars203.png,,,,,,,,,
UNASSIGNED,gs://license_plate_1/Cars204.png,,,,,,,,,
UNASSIGNED,gs://license_plate_1/Cars205.png,,,,,,,,,
UNASSIGNED,gs://license_plate_1/Cars206.png,,,,,,,,,
UNASSIGNED,gs://license_plate_1/Cars207.png,,,,,,,,,
UNASSIGNED,gs://license_plate_1/Cars208.png,,,,,,,,,
UNASSIGNED,gs://license_plate_1/Cars209.png,,,,,,,,,
UNASSIGNED,gs://license_plate_1/Cars210.png,,,,,,,,,
UNASSIGNED,gs://license_plate_1/Cars211.png,,,,,,,,,
UNASSIGNED,gs://license_plate_1/Cars212.png,,,,,,,,,
UNASSIGNED,gs://license_plate_1/Cars213.png,,,,,,,,,
UNASSIGNED,gs://license_plate_1/Cars214.png,,,,,,,,,
UNASSIGNED,gs://license_plate_1/Cars215.png,,,,,,,,,
UNASSIGNED,gs://license_plate_1/Cars216.png,,,,,,,,,
UNASSIGNED,gs://license_plate_1/Cars217.png,,,,,,,,,
UNASSIGNED,gs://license_plate_1/Cars218.png,,,,,,,,,
UNASSIGNED,gs://license_plate_1/Cars219.png,,,,,,,,,
UNASSIGNED,gs://license_plate_1/Cars220.png,,,,,,,,,
UNASSIGNED,gs://license_plate_1/Cars221.png,,,,,,,,,
UNASSIGNED,gs://license_plate_1/Cars222.png,,,,,,,,,
UNASSIGNED,gs://license_plate_1/Cars223.png,,,,,,,,,
UNASSIGNED,gs://license_plate_1/Cars224.png,,,,,,,,,
UNASSIGNED,gs://license_plate_1/Cars225.png,,,,,,,,,
UNASSIGNED,gs://license_plate_1/Cars226.png,,,,,,,,,
UNASSIGNED,gs://license_plate_1/Cars227.png,,,,,,,,,
UNASSIGNED,gs://license_plate_1/Cars228.png,,,,,,,,,
UNASSIGNED,gs://license_plate_1/Cars229.png,,,,,,,,,
UNASSIGNED,gs://license_plate_1/Cars230.png,,,,,,,,,
UNASSIGNED,gs://license_plate_1/Cars231.png,,,,,,,,,
UNASSIGNED,gs://license_plate_1/Cars232.png,,,,,,,,,
UNASSIGNED,gs://license_plate_1/Cars233.png,,,,,,,,,
UNASSIGNED,gs://license_plate_1/Cars234.png,,,,,,,,,
UNASSIGNED,gs://license_plate_1/Cars235.png,,,,,,,,,
UNASSIGNED,gs://license_plate_1/Cars236.png,,,,,,,,,
UNASSIGNED,gs://license_plate_1/Cars237.png,,,,,,,,,
UNASSIGNED,gs://license_plate_1/Cars238.png,,,,,,,,,
UNASSIGNED,gs://license_plate_1/Cars239.png,,,,,,,,,
UNASSIGNED,gs://license_plate_1/Cars240.png,,,,,,,,,
UNASSIGNED,gs://license_plate_1/Cars241.png,,,,,,,,,
UNASSIGNED,gs://license_plate_1/Cars242.png,,,,,,,,,
UNASSIGNED,gs://license_plate_1/Cars243.png,,,,,,,,,
UNASSIGNED,gs://license_plate_1/Cars244.png,,,,,,,,,
UNASSIGNED,gs://license_plate_1/Cars245.png,,,,,,,,,
UNASSIGNED,gs://license_plate_1/Cars246.png,,,,,,,,,
UNASSIGNED,gs://license_plate_1/Cars247.png,,,,,,,,,
UNASSIGNED,gs://license_plate_1/Cars248.png,,,,,,,,,
UNASSIGNED,gs://license_plate_1/Cars249.png,,,,,,,,,
UNASSIGNED,gs://license_plate_1/Cars250.png,,,,,,,,,
UNASSIGNED,gs://license_plate_1/Cars251.png,,,,,,,,,
UNASSIGNED,gs://license_plate_1/Cars252.png,,,,,,,,,
UNASSIGNED,gs://license_plate_1/Cars253.png,,,,,,,,,
UNASSIGNED,gs://license_plate_1/Cars254.png,,,,,,,,,
UNASSIGNED,gs://license_plate_1/Cars255.png,,,,,,,,,
UNASSIGNED,gs://license_plate_1/Cars256.png,,,,,,,,,
UNASSIGNED,gs://license_plate_1/Cars257.png,,,,,,,,,
UNASSIGNED,gs://license_plate_1/Cars258.png,,,,,,,,,
UNASSIGNED,gs://license_plate_1/Cars259.png,,,,,,,,,
UNASSIGNED,gs://license_plate_1/Cars260.png,,,,,,,,,
UNASSIGNED,gs://license_plate_1/Cars261.png,,,,,,,,,
UNASSIGNED,gs://license_plate_1/Cars262.png,,,,,,,,,
UNASSIGNED,gs://license_plate_1/Cars263.png,,,,,,,,,
UNASSIGNED,gs://license_plate_1/Cars264.png,,,,,,,,,
UNASSIGNED,gs://license_plate_1/Cars265.png,,,,,,,,,
UNASSIGNED,gs://license_plate_1/Cars266.png,,,,,,,,,
UNASSIGNED,gs://license_plate_1/Cars267.png,,,,,,,,,
UNASSIGNED,gs://license_plate_1/Cars268.png,,,,,,,,,
UNASSIGNED,gs://license_plate_1/Cars269.png,,,,,,,,,
UNASSIGNED,gs://license_plate_1/Cars270.png,,,,,,,,,
UNASSIGNED,gs://license_plate_1/Cars271.png,,,,,,,,,
UNASSIGNED,gs://license_plate_1/Cars272.png,,,,,,,,,
UNASSIGNED,gs://license_plate_1/Cars273.png,,,,,,,,,
UNASSIGNED,gs://license_plate_1/Cars274.png,,,,,,,,,
UNASSIGNED,gs://license_plate_1/Cars275.png,,,,,,,,,
UNASSIGNED,gs://license_plate_1/Cars276.png,,,,,,,,,
UNASSIGNED,gs://license_plate_1/Cars277.png,,,,,,,,,
UNASSIGNED,gs://license_plate_1/Cars278.png,,,,,,,,,
UNASSIGNED,gs://license_plate_1/Cars279.png,,,,,,,,,
UNASSIGNED,gs://license_plate_1/Cars280.png,,,,,,,,,
UNASSIGNED,gs://license_plate_1/Cars281.png,,,,,,,,,
UNASSIGNED,gs://license_plate_1/Cars282.png,,,,,,,,,
UNASSIGNED,gs://license_plate_1/Cars283.png,,,,,,,,,
UNASSIGNED,gs://license_plate_1/Cars284.png,,,,,,,,,
UNASSIGNED,gs://license_plate_1/Cars285.png,,,,,,,,,
UNASSIGNED,gs://license_plate_1/Cars286.png,,,,,,,,,
UNASSIGNED,gs://license_plate_1/Cars287.png,,,,,,,,,
UNASSIGNED,gs://license_plate_1/Cars288.png,,,,,,,,,
UNASSIGNED,gs://license_plate_1/Cars289.png,,,,,,,,,
UNASSIGNED,gs://license_plate_1/Cars290.png,,,,,,,,,
UNASSIGNED,gs://license_plate_1/Cars291.png,,,,,,,,,
UNASSIGNED,gs://license_plate_1/Cars292.png,,,,,,,,,
UNASSIGNED,gs://license_plate_1/Cars293.png,,,,,,,,,
UNASSIGNED,gs://license_plate_1/Cars294.png,,,,,,,,,
UNASSIGNED,gs://license_plate_1/Cars295.png,,,,,,,,,
UNASSIGNED,gs://license_plate_1/Cars296.png,,,,,,,,,
UNASSIGNED,gs://license_plate_1/Cars297.png,,,,,,,,,
UNASSIGNED,gs://license_plate_1/Cars298.png,,,,,,,,,
UNASSIGNED,gs://license_plate_1/Cars299.png,,,,,,,,,
UNASSIGNED,gs://license_plate_1/Cars300.png,,,,,,,,,
UNASSIGNED,gs://license_plate_1/Cars301.png,,,,,,,,,
UNASSIGNED,gs://license_plate_1/Cars302.png,,,,,,,,,
UNASSIGNED,gs://license_plate_1/Cars303.png,,,,,,,,,
UNASSIGNED,gs://license_plate_1/Cars304.png,,,,,,,,,
UNASSIGNED,gs://license_plate_1/Cars305.png,,,,,,,,,
UNASSIGNED,gs://license_plate_1/Cars306.png,,,,,,,,,
UNASSIGNED,gs://license_plate_1/Cars307.png,,,,,,,,,
UNASSIGNED,gs://license_plate_1/Cars308.png,,,,,,,,,
UNASSIGNED,gs://license_plate_1/Cars309.png,,,,,,,,,
UNASSIGNED,gs://license_plate_1/Cars310.png,,,,,,,,,
UNASSIGNED,gs://license_plate_1/Cars311.png,,,,,,,,,
UNASSIGNED,gs://license_plate_1/Cars312.png,,,,,,,,,
UNASSIGNED,gs://license_plate_1/Cars313.png,,,,,,,,,
UNASSIGNED,gs://license_plate_1/Cars314.png,,,,,,,,,
UNASSIGNED,gs://license_plate_1/Cars315.png,,,,,,,,,
UNASSIGNED,gs://license_plate_1/Cars316.png,,,,,,,,,
UNASSIGNED,gs://license_plate_1/Cars317.png,,,,,,,,,
UNASSIGNED,gs://license_plate_1/Cars318.png,,,,,,,,,
UNASSIGNED,gs://license_plate_1/Cars319.png,,,,,,,,,
UNASSIGNED,gs://license_plate_1/Cars320.png,,,,,,,,,
UNASSIGNED,gs://license_plate_1/Cars321.png,,,,,,,,,
UNASSIGNED,gs://license_plate_1/Cars322.png,,,,,,,,,
UNASSIGNED,gs://license_plate_1/Cars323.png,,,,,,,,,
UNASSIGNED,gs://license_plate_1/Cars324.png,,,,,,,,,
UNASSIGNED,gs://license_plate_1/Cars325.png,,,,,,,,,
UNASSIGNED,gs://license_plate_1/Cars326.png,,,,,,,,,
UNASSIGNED,gs://license_plate_1/Cars327.png,,,,,,,,,
UNASSIGNED,gs://license_plate_1/Cars328.png,,,,,,,,,
UNASSIGNED,gs://license_plate_1/Cars329.png,,,,,,,,,
UNASSIGNED,gs://license_plate_1/Cars330.png,,,,,,,,,
UNASSIGNED,gs://license_plate_1/Cars331.png,,,,,,,,,
UNASSIGNED,gs://license_plate_1/Cars332.png,,,,,,,,,
UNASSIGNED,gs://license_plate_1/Cars333.png,,,,,,,,,
UNASSIGNED,gs://license_plate_1/Cars334.png,,,,,,,,,
UNASSIGNED,gs://license_plate_1/Cars335.png,,,,,,,,,
UNASSIGNED,gs://license_plate_1/Cars336.png,,,,,,,,,
UNASSIGNED,gs://license_plate_1/Cars337.png,,,,,,,,,
UNASSIGNED,gs://license_plate_1/Cars338.png,,,,,,,,,
UNASSIGNED,gs://license_plate_1/Cars339.png,,,,,,,,,
UNASSIGNED,gs://license_plate_1/Cars340.png,,,,,,,,,
UNASSIGNED,gs://license_plate_1/Cars341.png,,,,,,,,,
UNASSIGNED,gs://license_plate_1/Cars342.png,,,,,,,,,
UNASSIGNED,gs://license_plate_1/Cars343.png,,,,,,,,,
UNASSIGNED,gs://license_plate_1/Cars344.png,,,,,,,,,
UNASSIGNED,gs://license_plate_1/Cars345.png,,,,,,,,,
UNASSIGNED,gs://license_plate_1/Cars346.png,,,,,,,,,
UNASSIGNED,gs://license_plate_1/Cars347.png,,,,,,,,,
UNASSIGNED,gs://license_plate_1/Cars348.png,,,,,,,,,
UNASSIGNED,gs://license_plate_1/Cars349.png,,,,,,,,,
UNASSIGNED,gs://license_plate_1/Cars350.png,,,,,,,,,
UNASSIGNED,gs://license_plate_1/Cars351.png,,,,,,,,,
UNASSIGNED,gs://license_plate_1/Cars352.png,,,,,,,,,
UNASSIGNED,gs://license_plate_1/Cars353.png,,,,,,,,,
UNASSIGNED,gs://license_plate_1/Cars354.png,,,,,,,,,
UNASSIGNED,gs://license_plate_1/Cars355.png,,,,,,,,,
UNASSIGNED,gs://license_plate_1/Cars356.png,,,,,,,,,
UNASSIGNED,gs://license_plate_1/Cars357.png,,,,,,,,,
UNASSIGNED,gs://license_plate_1/Cars358.png,,,,,,,,,
UNASSIGNED,gs://license_plate_1/Cars359.png,,,,,,,,,
UNASSIGNED,gs://license_plate_1/Cars360.png,,,,,,,,,
UNASSIGNED,gs://license_plate_1/Cars361.png,,,,,,,,,
UNASSIGNED,gs://license_plate_1/Cars362.png,,,,,,,,,
UNASSIGNED,gs://license_plate_1/Cars363.png,,,,,,,,,
UNASSIGNED,gs://license_plate_1/Cars364.png,,,,,,,,,
UNASSIGNED,gs://license_plate_1/Cars365.png,,,,,,,,,
UNASSIGNED,gs://license_plate_1/Cars366.png,,,,,,,,,
UNASSIGNED,gs://license_plate_1/Cars367.png,,,,,,,,,
UNASSIGNED,gs://license_plate_1/Cars368.png,,,,,,,,,
UNASSIGNED,gs://license_plate_1/Cars369.png,,,,,,,,,
UNASSIGNED,gs://license_plate_1/Cars370.png,,,,,,,,,
UNASSIGNED,gs://license_plate_1/Cars371.png,,,,,,,,,
UNASSIGNED,gs://license_plate_1/Cars372.png,,,,,,,,,
UNASSIGNED,gs://license_plate_1/Cars373.png,,,,,,,,,
UNASSIGNED,gs://license_plate_1/Cars374.png,,,,,,,,,
UNASSIGNED,gs://license_plate_1/Cars375.png,,,,,,,,,
UNASSIGNED,gs://license_plate_1/Cars376.png,,,,,,,,,
UNASSIGNED,gs://license_plate_1/Cars377.png,,,,,,,,,
UNASSIGNED,gs://license_plate_1/Cars378.png,,,,,,,,,
UNASSIGNED,gs://license_plate_1/Cars379.png,,,,,,,,,
UNASSIGNED,gs://license_plate_1/Cars380.png,,,,,,,,,
UNASSIGNED,gs://license_plate_1/Cars381.png,,,,,,,,,
UNASSIGNED,gs://license_plate_1/Cars382.png,,,,,,,,,
UNASSIGNED,gs://license_plate_1/Cars383.png,,,,,,,,,
UNASSIGNED,gs://license_plate_1/Cars384.png,,,,,,,,,
UNASSIGNED,gs://license_plate_1/Cars385.png,,,,,,,,,
UNASSIGNED,gs://license_plate_1/Cars386.png,,,,,,,,,
UNASSIGNED,gs://license_plate_1/Cars387.png,,,,,,,,,
UNASSIGNED,gs://license_plate_1/Cars388.png,,,,,,,,,
UNASSIGNED,gs://license_plate_1/Cars389.png,,,,,,,,,
UNASSIGNED,gs://license_plate_1/Cars390.png,,,,,,,,,
UNASSIGNED,gs://license_plate_1/Cars391.png,,,,,,,,,
UNASSIGNED,gs://license_plate_1/Cars392.png,,,,,,,,,
UNASSIGNED,gs://license_plate_1/Cars393.png,,,,,,,,,
UNASSIGNED,gs://license_plate_1/Cars394.png,,,,,,,,,
UNASSIGNED,gs://license_plate_1/Cars395.png,,,,,,,,,
UNASSIGNED,gs://license_plate_1/Cars396.png,,,,,,,,,
UNASSIGNED,gs://license_plate_1/Cars397.png,,,,,,,,,
UNASSIGNED,gs://license_plate_1/Cars398.png,,,,,,,,,
UNASSIGNED,gs://license_plate_1/Cars399.png,,,,,,,,,
UNASSIGNED,gs://license_plate_1/Cars400.png,,,,,,,,,
UNASSIGNED,gs://license_plate_1/Cars401.png,,,,,,,,,
UNASSIGNED,gs://license_plate_1/Cars402.png,,,,,,,,,
UNASSIGNED,gs://license_plate_1/Cars403.png,,,,,,,,,
UNASSIGNED,gs://license_plate_1/Cars404.png,,,,,,,,,
UNASSIGNED,gs://license_plate_1/Cars405.png,,,,,,,,,
UNASSIGNED,gs://license_plate_1/Cars406.png,,,,,,,,,
UNASSIGNED,gs://license_plate_1/Cars407.png,,,,,,,,,
UNASSIGNED,gs://license_plate_1/Cars408.png,,,,,,,,,
UNASSIGNED,gs://license_plate_1/Cars409.png,,,,,,,,,
UNASSIGNED,gs://license_plate_1/Cars410.png,,,,,,,,,
UNASSIGNED,gs://license_plate_1/Cars411.png,,,,,,,,,
UNASSIGNED,gs://license_plate_1/Cars412.png,,,,,,,,,
UNASSIGNED,gs://license_plate_1/Cars413.png,,,,,,,,,
UNASSIGNED,gs://license_plate_1/Cars414.png,,,,,,,,,
UNASSIGNED,gs://license_plate_1/Cars415.png,,,,,,,,,
UNASSIGNED,gs://license_plate_1/Cars416.png,,,,,,,,,
UNASSIGNED,gs://license_plate_1/Cars417.png,,,,,,,,,
UNASSIGNED,gs://license_plate_1/Cars418.png,,,,,,,,,
UNASSIGNED,gs://license_plate_1/Cars419.png,,,,,,,,,
UNASSIGNED,gs://license_plate_1/Cars420.png,,,,,,,,,
UNASSIGNED,gs://license_plate_1/Cars421.png,,,,,,,,,
UNASSIGNED,gs://license_plate_1/Cars422.png,,,,,,,,,
UNASSIGNED,gs://license_plate_1/Cars423.png,,,,,,,,,
UNASSIGNED,gs://license_plate_1/Cars424.png,,,,,,,,,
UNASSIGNED,gs://license_plate_1/Cars425.png,,,,,,,,,
UNASSIGNED,gs://license_plate_1/Cars426.png,,,,,,,,,
UNASSIGNED,gs://license_plate_1/Cars427.png,,,,,,,,,
UNASSIGNED,gs://license_plate_1/Cars428.png,,,,,,,,,
UNASSIGNED,gs://license_plate_1/Cars429.png,,,,,,,,,